{
	"info": {
		"_postman_id": "83135e5d-f40b-4082-b915-a1cf725f8ba7",
		"name": "AllEvents",
		"schema": "https://schema.getpostman.com/json/collection/v2.1.0/collection.json",
		"_exporter_id": "36549646",
		"_collection_link": "https://beladad-dev-team.postman.co/workspace/search-automation~137cbd88-0550-4835-a635-a27dd1e17a13/collection/36549646-83135e5d-f40b-4082-b915-a1cf725f8ba7?action=share&source=collection_link&creator=36549646"
	},
	"item": [
		{
			"name": "login",
			"request": {
				"method": "POST",
				"header": [],
				"body": {
					"mode": "raw",
					"raw": "{\r\n    \"email\":\"gtenrent@gmail.com\",\r\n    \"password\":\"Aloc2352\"\r\n}",
					"options": {
						"raw": {
							"language": "json"
						}
					}
				},
				"url": {
					"raw": "http://localhost:3000/login",
					"protocol": "http",
					"host": [
						"localhost"
					],
					"port": "3000",
					"path": [
						"login"
					]
				}
			},
			"response": []
		},
		{
			"name": "logout",
			"request": {
				"method": "POST",
				"header": [],
				"url": {
					"raw": "http://localhost:3000/logout",
					"protocol": "http",
					"host": [
						"localhost"
					],
					"port": "3000",
					"path": [
						"logout"
					]
				}
			},
			"response": []
		},
		{
			"name": "createEvent",
			"request": {
				"method": "POST",
				"header": [],
				"body": {
					"mode": "raw",
					"raw": "{\r\n    \"name\":\"corner battle up event\",\r\n    \"startdate\":\"2024-11-21\",\r\n    \"starttime\":\"12:00 PM\",\r\n    \"enddate\":\"2024-11-22\",\r\n    \"endtime\":\"12:00 AM\",\r\n    \"description\":\"here is the corner battle up event which will be held on this date 2024-11-19 and timing will be 12:00 AM\" \r\n}",
					"options": {
						"raw": {
							"language": "json"
						}
					}
				},
				"url": {
					"raw": "http://localhost:3000/createEvent",
					"protocol": "http",
					"host": [
						"localhost"
					],
					"port": "3000",
					"path": [
						"createEvent"
					]
				}
			},
			"response": []
		},
		{
			"name": "searchHashtag",
			"request": {
				"method": "POST",
				"header": [],
				"body": {
					"mode": "raw",
					"raw": "{\r\n    \"hashtag\":\"all\",\r\n    \"location\":\"Lahore\"\r\n}",
					"options": {
						"raw": {
							"language": "json"
						}
					}
				},
				"url": {
					"raw": "http://localhost:3000/searchHashtags",
					"protocol": "http",
					"host": [
						"localhost"
					],
					"port": "3000",
					"path": [
						"searchHashtags"
					]
				}
			},
			"response": []
		}
	]
}